what,kind,bundleId,bundleVersion,description,time
executed,command,org.eclipse.debug.ui,3.6.1.v20100901_r361,"org.eclipse.debug.ui.commands.StepReturn",1327074206931
executed,command,org.eclipse.debug.ui,3.6.1.v20100901_r361,"org.eclipse.debug.ui.commands.Resume",1327074224769
executed,command,org.eclipse.debug.ui,3.6.1.v20100901_r361,"org.eclipse.debug.ui.commands.Resume",1327074227657
executed,command,org.eclipse.debug.ui,3.6.1.v20100901_r361,"org.eclipse.debug.ui.commands.Resume",1327074230713
executed,command,org.eclipse.debug.ui,3.6.1.v20100901_r361,"org.eclipse.debug.ui.commands.Resume",1327074234803
deactivated,workbench,org.eclipse.ui.workbench,3.6.1.M20100826-1330,"",1327074269667
activated,workbench,org.eclipse.ui.workbench,3.6.1.M20100826-1330,"",1327074270520
deactivated,workbench,org.eclipse.ui.workbench,3.6.1.M20100826-1330,"",1327074272004
activated,workbench,org.eclipse.ui.workbench,3.6.1.M20100826-1330,"",1327074280455
deactivated,workbench,org.eclipse.ui.workbench,3.6.1.M20100826-1330,"",1327074282640
activated,workbench,org.eclipse.ui.workbench,3.6.1.M20100826-1330,"",1327074292617
deactivated,workbench,org.eclipse.ui.workbench,3.6.1.M20100826-1330,"",1327074293514
activated,workbench,org.eclipse.ui.workbench,3.6.1.M20100826-1330,"",1327074313999
activated,view,org.eclipse.debug.ui,3.6.1.v20100901_r361,"org.eclipse.debug.ui.VariableView",1327074315273
activated,view,org.eclipse.debug.ui,3.6.1.v20100901_r361,"org.eclipse.debug.ui.DebugView",1327074324719
executed,command,org.eclipse.debug.ui,3.6.1.v20100901_r361,"org.eclipse.debug.ui.commands.Terminate",1327074324870
deactivated,workbench,org.eclipse.ui.workbench,3.6.1.M20100826-1330,"",1327074346581
activated,workbench,org.eclipse.ui.workbench,3.6.1.M20100826-1330,"",1327074347390
deactivated,workbench,org.eclipse.ui.workbench,3.6.1.M20100826-1330,"",1327074348924
activated,workbench,org.eclipse.ui.workbench,3.6.1.M20100826-1330,"",1327074538597
deactivated,workbench,org.eclipse.ui.workbench,3.6.1.M20100826-1330,"",1327074541835
activated,workbench,org.eclipse.ui.workbench,3.6.1.M20100826-1330,"",1327074583078
deactivated,workbench,org.eclipse.ui.workbench,3.6.1.M20100826-1330,"",1327074596261
activated,workbench,org.eclipse.ui.workbench,3.6.1.M20100826-1330,"",1327074616721
deactivated,workbench,org.eclipse.ui.workbench,3.6.1.M20100826-1330,"",1327074617732
activated,workbench,org.eclipse.ui.workbench,3.6.1.M20100826-1330,"",1327074663128
deactivated,workbench,org.eclipse.ui.workbench,3.6.1.M20100826-1330,"",1327074664355
activated,workbench,org.eclipse.ui.workbench,3.6.1.M20100826-1330,"",1327074717628
deactivated,workbench,org.eclipse.ui.workbench,3.6.1.M20100826-1330,"",1327074719525
activated,workbench,org.eclipse.ui.workbench,3.6.1.M20100826-1330,"",1327074723526
executed,command,org.eclipse.debug.ui,3.6.1.v20100901_r361,"org.eclipse.debug.ui.commands.Resume",1327074725898
executed,command,org.eclipse.debug.ui,3.6.1.v20100901_r361,"org.eclipse.debug.ui.commands.Resume",1327074728408
executed,command,org.eclipse.debug.ui,3.6.1.v20100901_r361,"org.eclipse.debug.ui.commands.Resume",1327074730634
deactivated,workbench,org.eclipse.ui.workbench,3.6.1.M20100826-1330,"",1327074744886
activated,workbench,org.eclipse.ui.workbench,3.6.1.M20100826-1330,"",1327074792152
deactivated,workbench,org.eclipse.ui.workbench,3.6.1.M20100826-1330,"",1327074804885
activated,workbench,org.eclipse.ui.workbench,3.6.1.M20100826-1330,"",1327074830785
activated,view,org.eclipse.debug.ui,3.6.1.v20100901_r361,"org.eclipse.debug.ui.VariableView",1327074832143
deactivated,workbench,org.eclipse.ui.workbench,3.6.1.M20100826-1330,"",1327074851939
activated,workbench,org.eclipse.ui.workbench,3.6.1.M20100826-1330,"",1327074936919
activated,view,org.eclipse.debug.ui,3.6.1.v20100901_r361,"org.eclipse.debug.ui.DebugView",1327074938451
executed,command,org.eclipse.debug.ui,3.6.1.v20100901_r361,"org.eclipse.debug.ui.commands.Resume",1327074938588
executed,command,org.eclipse.debug.ui,3.6.1.v20100901_r361,"org.eclipse.debug.ui.commands.Resume",1327074944553
deactivated,workbench,org.eclipse.ui.workbench,3.6.1.M20100826-1330,"",1327074949080
activated,workbench,org.eclipse.ui.workbench,3.6.1.M20100826-1330,"",1327074950890
executed,command,org.eclipse.debug.ui,3.6.1.v20100901_r361,"org.eclipse.debug.ui.commands.Resume",1327074956956
executed,command,org.eclipse.debug.ui,3.6.1.v20100901_r361,"org.eclipse.debug.ui.commands.Resume",1327074958186
executed,command,org.eclipse.debug.ui,3.6.1.v20100901_r361,"org.eclipse.debug.ui.commands.Resume",1327074959400
executed,command,org.eclipse.debug.ui,3.6.1.v20100901_r361,"org.eclipse.debug.ui.commands.StepOver",1327074978945
executed,command,org.eclipse.debug.ui,3.6.1.v20100901_r361,"org.eclipse.debug.ui.commands.RunLast",1327075002388
deactivated,workbench,org.eclipse.ui.workbench,3.6.1.M20100826-1330,"",1327075008592
activated,workbench,org.eclipse.ui.workbench,3.6.1.M20100826-1330,"",1327075220021
deactivated,workbench,org.eclipse.ui.workbench,3.6.1.M20100826-1330,"",1327075225862
activated,workbench,org.eclipse.ui.workbench,3.6.1.M20100826-1330,"",1327075232516
deactivated,workbench,org.eclipse.ui.workbench,3.6.1.M20100826-1330,"",1327075236549
activated,workbench,org.eclipse.ui.workbench,3.6.1.M20100826-1330,"",1327075241130
deactivated,workbench,org.eclipse.ui.workbench,3.6.1.M20100826-1330,"",1327075244278
activated,workbench,org.eclipse.ui.workbench,3.6.1.M20100826-1330,"",1327075263246
deactivated,workbench,org.eclipse.ui.workbench,3.6.1.M20100826-1330,"",1327075268465
activated,workbench,org.eclipse.ui.workbench,3.6.1.M20100826-1330,"",1327075269194
deactivated,workbench,org.eclipse.ui.workbench,3.6.1.M20100826-1330,"",1327075270342
activated,workbench,org.eclipse.ui.workbench,3.6.1.M20100826-1330,"",1327075301332
deactivated,workbench,org.eclipse.ui.workbench,3.6.1.M20100826-1330,"",1327075302729
activated,workbench,org.eclipse.ui.workbench,3.6.1.M20100826-1330,"",1327075494927
executed,command,org.eclipse.debug.ui,3.6.1.v20100901_r361,"org.eclipse.debug.ui.commands.Terminate",1327075495854
deactivated,workbench,org.eclipse.ui.workbench,3.6.1.M20100826-1330,"",1327075499358
activated,workbench,org.eclipse.ui.workbench,3.6.1.M20100826-1330,"",1327075500379
closed,workbench,org.eclipse.ui.workbench,3.6.1.M20100826-1330,"",1327075500673
stopped,bundle,org.eclipse.mylyn.ide.ant,3.4.0.v20100608-0100-e3x,"org.eclipse.mylyn.ide.ant",1327075501533
stopped,bundle,org.eclipse.jst.j2ee.xdoclet.runtime,1.1.300.v201004280700,"org.eclipse.jst.j2ee.xdoclet.runtime",1327075501535
stopped,bundle,org.eclipse.jst.j2ee.ejb.annotations.xdoclet,1.2.100.v201003112036,"org.eclipse.jst.j2ee.ejb.annotations.xdoclet",1327075501536
stopped,bundle,org.eclipse.datatools.connectivity.oda.template.ui,3.2.1.v201004090942,"org.eclipse.datatools.connectivity.oda.template.ui",1327075501537
stopped,bundle,org.eclipse.pde.api.tools.ui,1.0.201.v20100820_r361,"org.eclipse.pde.api.tools.ui",1327075501537
stopped,bundle,org.eclipse.pde.ds.ui,1.0.100.v20100601,"org.eclipse.pde.ds.ui",1327075501537
stopped,bundle,org.eclipse.pde.runtime,3.4.200.v20100601,"org.eclipse.pde.runtime",1327075501538
stopped,bundle,org.eclipse.pde.ua.ui,1.0.100.v20100504,"org.eclipse.pde.ua.ui",1327075501540
stopped,bundle,org.eclipse.pde.ui.templates,3.4.200.v20100601,"org.eclipse.pde.ui.templates",1327075501554
stopped,bundle,org.eclipse.pde.ui,3.6.1.v20110210_r362,"org.eclipse.pde.ui",1327075501554
stopped,bundle,org.eclipse.ant.ui,3.5.0.v20100427,"org.eclipse.ant.ui",1327075501554
stopped,bundle,org.eclipse.ant.launching,1.0.0.v20100427,"org.eclipse.ant.launching",1327075501555
stopped,bundle,org.eclipse.equinox.p2.ui.sdk,1.0.100.v20100513,"org.eclipse.equinox.p2.ui.sdk",1327075501556
stopped,bundle,org.eclipse.mylyn.java.tasks,3.4.0.v20100608-0100-e3x,"org.eclipse.mylyn.java.tasks",1327075501556
stopped,bundle,org.eclipse.mylyn.java.ui,3.4.0.v20100608-0100-e3x,"org.eclipse.mylyn.java.ui",1327075501556
stopped,bundle,overlay.com.android.ide.eclipse.adt.overlay,15.0.0.v201110251216-213216,"overlay.com.android.ide.eclipse.adt.overlay",1327075501557
stopped,bundle,com.android.ide.eclipse.adt,15.0.0.v201110251216-213216,"com.android.ide.eclipse.adt",1327075501559
stopped,bundle,org.eclipse.jdt.junit,3.6.1.r361_v20100825-0800,"org.eclipse.jdt.junit",1327075501559
stopped,bundle,org.eclipse.jdt.apt.ui,3.3.300.v20100513-0845,"org.eclipse.jdt.apt.ui",1327075501560
stopped,bundle,org.eclipse.datatools.enablement.sybase.asa.schemaobjecteditor.examples,2.5.0.200810071,"org.eclipse.datatools.enablement.sybase.asa.schemaobjecteditor.examples",1327075501561
stopped,bundle,org.eclipse.datatools.sqltools.debugger.core.ui,1.0.0.v201003161000,"org.eclipse.datatools.sqltools.debugger.core.ui",1327075501561
stopped,bundle,org.eclipse.jst.server.preview.adapter,1.1.100.v20100308,"org.eclipse.jst.server.preview.adapter",1327075501562
stopped,bundle,org.eclipse.wst.xsl.jaxp.debug.ui,1.0.100.v201004290328,"org.eclipse.wst.xsl.jaxp.debug.ui",1327075501563
stopped,bundle,org.eclipse.jdt.debug.ui,3.5.0.v20100602-0830,"org.eclipse.jdt.debug.ui",1327075501563
stopped,bundle,org.eclipse.jst.common.annotations.ui,1.1.300.v201002081900,"org.eclipse.jst.common.annotations.ui",1327075501563
stopped,bundle,org.eclipse.jst.ws.cxf.creation.ui,1.0.0.v201003311345,"org.eclipse.jst.ws.cxf.creation.ui",1327075501564
stopped,bundle,org.eclipse.jst.ws.creation.ui,1.0.510.v201011041151,"org.eclipse.jst.ws.creation.ui",1327075501565
stopped,bundle,org.eclipse.jst.ws.cxf.consumption.ui,1.0.0.v201003222311,"org.eclipse.jst.ws.cxf.consumption.ui",1327075501566
stopped,bundle,org.eclipse.jst.ws.axis.creation.ui,1.0.600.v201008171516,"org.eclipse.jst.ws.axis.creation.ui",1327075501567
stopped,bundle,org.eclipse.jst.ws.axis.consumption.ui,1.0.505.v201004211805,"org.eclipse.jst.ws.axis.consumption.ui",1327075501568
stopped,bundle,org.eclipse.jst.ws.axis2.creation.ui,1.0.104.v201004211805,"org.eclipse.jst.ws.axis2.creation.ui",1327075501568
stopped,bundle,org.eclipse.jst.ws.axis2.consumption.ui,1.0.103.v201004211805,"org.eclipse.jst.ws.axis2.consumption.ui",1327075501569
stopped,bundle,org.eclipse.jst.ws.axis2.creation.core,1.0.106.v201004211805,"org.eclipse.jst.ws.axis2.creation.core",1327075501570
stopped,bundle,org.eclipse.jst.ws.axis2.consumption.core,1.0.105.v201004211805,"org.eclipse.jst.ws.axis2.consumption.core",1327075501572
stopped,bundle,org.eclipse.jst.ws.consumption.ui,1.1.302.v201101191731,"org.eclipse.jst.ws.consumption.ui",1327075501573
stopped,bundle,org.eclipse.jst.j2ee.webservice.ui,1.1.400.v201004110600,"org.eclipse.jst.j2ee.webservice.ui",1327075501574
stopped,bundle,org.eclipse.jst.j2ee.ejb.annotations.ui,1.1.200.v201004290730,"org.eclipse.jst.j2ee.ejb.annotations.ui",1327075501575
stopped,bundle,org.eclipse.jst.ejb.ui,1.1.502.v201101121843,"org.eclipse.jst.ejb.ui",1327075501576
stopped,bundle,org.eclipse.jst.servlet.ui,1.1.404.v201101270100,"org.eclipse.jst.servlet.ui",1327075501577
stopped,bundle,org.eclipse.jst.ws.jaxws.dom.integration,1.0.0.v201004171919,"org.eclipse.jst.ws.jaxws.dom.integration",1327075501578
stopped,bundle,org.eclipse.jst.jee.ui,1.0.304.v201101272100,"org.eclipse.jst.jee.ui",1327075501578
stopped,bundle,org.eclipse.jst.j2ee.navigator.ui,1.1.403.v201012020600,"org.eclipse.jst.j2ee.navigator.ui",1327075501632
stopped,bundle,org.eclipse.jst.j2ee.jca.ui,1.1.400.v201004150700,"org.eclipse.jst.j2ee.jca.ui",1327075501656
stopped,bundle,org.eclipse.jpt.jaxb.ui,1.0.1.v201006300000,"org.eclipse.jpt.jaxb.ui",1327075501697
stopped,bundle,org.eclipse.jpt.ui,2.3.2.v201008252310,"org.eclipse.jpt.ui",1327075501745
stopped,bundle,org.eclipse.jst.j2ee.ui,1.1.404.v201101122300,"org.eclipse.jst.j2ee.ui",1327075501783
stopped,bundle,org.eclipse.jst.jsf.facelet.ui,1.0.0.v20100602,"org.eclipse.jst.jsf.facelet.ui",1327075501783
stopped,bundle,org.eclipse.jst.jsf.ui,1.3.1.v20100906,"org.eclipse.jst.jsf.ui",1327075501783
stopped,bundle,org.eclipse.jst.ws.jaxrs.ui,1.0.301.v201012020511,"org.eclipse.jst.ws.jaxrs.ui",1327075501801
stopped,bundle,org.eclipse.jst.common.project.facet.ui,1.4.102.v201008182136,"org.eclipse.jst.common.project.facet.ui",1327075501860
stopped,bundle,org.eclipse.jst.common.ui,1.0.3.v201101101700,"org.eclipse.jst.common.ui",1327075501904
stopped,bundle,org.eclipse.jst.pagedesigner.jsf.ui,1.2.0.v20100414,"org.eclipse.jst.pagedesigner.jsf.ui",1327075501947
activated,perspective,org.eclipse.debug.ui,,"org.eclipse.debug.ui.DebugPerspective",1327259711989
started,bundle,org.eclipse.osgi,3.6.1.R36x_v20100806,"org.eclipse.osgi",1327259711991
started,bundle,org.eclipse.equinox.simpleconfigurator,1.0.200.v20100503,"org.eclipse.equinox.simpleconfigurator",1327259711992
started,bundle,com.ibm.icu,4.2.1.v20100412,"com.ibm.icu",1327259711992
started,bundle,org.eclipse.compare.core,3.5.100.I20100526-0800,"org.eclipse.compare.core",1327259712039
started,bundle,org.eclipse.core.contenttype,3.4.100.v20100505-1235,"org.eclipse.core.contenttype",1327259712040
started,bundle,org.eclipse.core.databinding.observable,1.3.0.I20100601-0800,"org.eclipse.core.databinding.observable",1327259712046
started,bundle,org.eclipse.core.expressions,3.4.200.v20100505,"org.eclipse.core.expressions",1327259712047
started,bundle,org.eclipse.core.filebuffers,3.5.100.v20100520-0800,"org.eclipse.core.filebuffers",1327259712048
started,bundle,org.eclipse.core.filesystem,1.3.1.R36x_v20100727-0745,"org.eclipse.core.filesystem",1327259712049
started,bundle,org.eclipse.core.jobs,3.5.1.R36x_v20100824,"org.eclipse.core.jobs",1327259712050
started,bundle,org.eclipse.core.net,1.2.100.I20100511-0800,"org.eclipse.core.net",1327259712051
started,bundle,org.eclipse.core.resources,3.6.0.R36x_v20100825-0600,"org.eclipse.core.resources",1327259712052
started,bundle,org.eclipse.core.runtime,3.6.0.v20100505,"org.eclipse.core.runtime",1327259712052
started,bundle,org.eclipse.core.runtime.compatibility,3.2.100.v20100505,"org.eclipse.core.runtime.compatibility",1327259712063
started,bundle,org.eclipse.core.runtime.compatibility.auth,3.2.200.v20100517,"org.eclipse.core.runtime.compatibility.auth",1327259712064
started,bundle,org.eclipse.core.variables,3.2.400.v20100505,"org.eclipse.core.variables",1327259712076
started,bundle,org.eclipse.debug.core,3.6.0.v20100519,"org.eclipse.debug.core",1327259712077
started,bundle,org.eclipse.debug.ui,3.6.1.v20100901_r361,"org.eclipse.debug.ui",1327259712079
started,bundle,org.eclipse.emf.common,2.6.0.v20100914-1218,"org.eclipse.emf.common",1327259712080
started,bundle,org.eclipse.emf.ecore,2.6.1.v20100914-1218,"org.eclipse.emf.ecore",1327259712081
started,bundle,org.eclipse.equinox.app,1.3.1.R36x_v20100803,"org.eclipse.equinox.app",1327259712082
started,bundle,org.eclipse.equinox.common,3.6.0.v20100503,"org.eclipse.equinox.common",1327259712083
started,bundle,org.eclipse.equinox.ds,1.2.1.R36x_v20100803,"org.eclipse.equinox.ds",1327259712083
started,bundle,org.eclipse.equinox.event,1.2.0.v20100503,"org.eclipse.equinox.event",1327259712084
started,bundle,org.eclipse.equinox.p2.core,2.0.2.R36x_v20100804,"org.eclipse.equinox.p2.core",1327259712085
started,bundle,org.eclipse.equinox.p2.directorywatcher,1.0.202.R36x_v20100727,"org.eclipse.equinox.p2.directorywatcher",1327259712086
started,bundle,org.eclipse.equinox.p2.engine,2.0.0.v20100606,"org.eclipse.equinox.p2.engine",1327259712123
started,bundle,org.eclipse.equinox.p2.metadata,2.0.0.v20100601,"org.eclipse.equinox.p2.metadata",1327259712125
started,bundle,org.eclipse.equinox.p2.metadata.repository,1.1.0.v20100513,"org.eclipse.equinox.p2.metadata.repository",1327259712152
started,bundle,org.eclipse.equinox.p2.operations,2.0.0.v20100510,"org.eclipse.equinox.p2.operations",1327259712169
started,bundle,org.eclipse.equinox.p2.reconciler.dropins,1.1.0.v20100525,"org.eclipse.equinox.p2.reconciler.dropins",1327259712170
started,bundle,org.eclipse.equinox.p2.repository,2.0.1.R36x_v20100823,"org.eclipse.equinox.p2.repository",1327259712200
started,bundle,org.eclipse.equinox.p2.ui.sdk.scheduler,1.0.0.v20100507-1815,"org.eclipse.equinox.p2.ui.sdk.scheduler",1327259712201
started,bundle,org.eclipse.equinox.p2.updatechecker,1.1.101.R36x_v20100823,"org.eclipse.equinox.p2.updatechecker",1327259712214
started,bundle,org.eclipse.equinox.preferences,3.3.0.v20100503,"org.eclipse.equinox.preferences",1327259712215
started,bundle,org.eclipse.equinox.registry,3.5.0.v20100503,"org.eclipse.equinox.registry",1327259712216
started,bundle,org.eclipse.equinox.security,1.0.200.v20100503,"org.eclipse.equinox.security",1327259712321
started,bundle,org.eclipse.equinox.util,1.0.200.v20100503,"org.eclipse.equinox.util",1327259712321
started,bundle,org.eclipse.help,3.5.0.v20100524,"org.eclipse.help",1327259712348
started,bundle,org.eclipse.jdt.apt.core,3.3.401.R36_v20100727-0110,"org.eclipse.jdt.apt.core",1327259712406
started,bundle,org.eclipse.jdt.apt.pluggable.core,1.0.301.R36_v20100727-0110,"org.eclipse.jdt.apt.pluggable.core",1327259712432
started,bundle,org.eclipse.jdt.core,3.6.1.v_A68_R36x,"org.eclipse.jdt.core",1327259712434
started,bundle,org.eclipse.jdt.core.manipulation,1.3.0.v20100520-0800,"org.eclipse.jdt.core.manipulation",1327259712435
started,bundle,org.eclipse.jdt.debug,3.6.1.v20100715_r361,"org.eclipse.jdt.debug",1327259712464
started,bundle,org.eclipse.jdt.debug.ui,3.5.0.v20100602-0830,"org.eclipse.jdt.debug.ui",1327259712464
started,bundle,org.eclipse.jdt.launching,3.5.100.v20100526,"org.eclipse.jdt.launching",1327259712474
started,bundle,org.eclipse.jdt.launching.macosx,3.2.100.v20100505,"org.eclipse.jdt.launching.macosx",1327259712475
started,bundle,org.eclipse.jdt.ui,3.6.1.r361_v20100825-0800,"org.eclipse.jdt.ui",1327259712475
started,bundle,org.eclipse.jface,3.6.1.M20100825-0800,"org.eclipse.jface",1327259712475
started,bundle,org.eclipse.jsch.core,1.1.200.I20100505-1245,"org.eclipse.jsch.core",1327259712476
started,bundle,org.eclipse.ltk.core.refactoring,3.5.100.v20100526-0800,"org.eclipse.ltk.core.refactoring",1327259712477
started,bundle,org.eclipse.ltk.ui.refactoring,3.5.0.v20100526-0800,"org.eclipse.ltk.ui.refactoring",1327259712508
started,bundle,org.eclipse.mylyn.bugzilla.core,3.4.2.v20100902-0100-e3x,"org.eclipse.mylyn.bugzilla.core",1327259712509
started,bundle,org.eclipse.mylyn.bugzilla.ui,3.4.2.v20100909-0100-e3x,"org.eclipse.mylyn.bugzilla.ui",1327259712555
started,bundle,org.eclipse.mylyn.commons.net,3.4.1.v20100625-2100-e3x,"org.eclipse.mylyn.commons.net",1327259712555
started,bundle,org.eclipse.mylyn.commons.ui,3.4.0.v20100608-0100-e3x,"org.eclipse.mylyn.commons.ui",1327259712556
started,bundle,org.eclipse.mylyn.context.core,3.4.1.v20100909-0100-e3x,"org.eclipse.mylyn.context.core",1327259712556
started,bundle,org.eclipse.mylyn.context.ui,3.4.1.v20100909-0100-e3x,"org.eclipse.mylyn.context.ui",1327259712600
started,bundle,org.eclipse.mylyn.monitor.ui,3.4.0.v20100608-0100-e3x,"org.eclipse.mylyn.monitor.ui",1327259712600
started,bundle,org.eclipse.mylyn.tasks.ui,3.4.2.v20100902-0100-e3x,"org.eclipse.mylyn.tasks.ui",1327259712602
started,bundle,org.eclipse.mylyn.team.ui,3.4.2.v20100909-0100-e3x,"org.eclipse.mylyn.team.ui",1327259712603
started,bundle,org.eclipse.team.core,3.5.100.R36x_v20100825-0800,"org.eclipse.team.core",1327259712604
started,bundle,org.eclipse.team.cvs.core,3.3.300.I20100526-0800,"org.eclipse.team.cvs.core",1327259712618
started,bundle,org.eclipse.team.cvs.ui,3.3.301.R36x_v20100825-0800,"org.eclipse.team.cvs.ui",1327259712619
started,bundle,org.eclipse.team.ui,3.5.101.R36x_v20100825-0800,"org.eclipse.team.ui",1327259712619
started,bundle,org.eclipse.ui,3.6.1.M20100826-1330,"org.eclipse.ui",1327259712620
started,bundle,org.eclipse.ui.console,3.5.0.v20100526,"org.eclipse.ui.console",1327259712621
started,bundle,org.eclipse.ui.editors,3.6.1.r361_v20100825-0800,"org.eclipse.ui.editors",1327259712621
started,bundle,org.eclipse.ui.forms,3.5.2.r36_v20100702,"org.eclipse.ui.forms",1327259712663
started,bundle,org.eclipse.ui.ide,3.6.1.M20100825-0800,"org.eclipse.ui.ide",1327259712664
started,bundle,org.eclipse.ui.net,1.2.100.I20100505-1245,"org.eclipse.ui.net",1327259712665
started,bundle,org.eclipse.ui.views,3.5.0.I20100527-0800,"org.eclipse.ui.views",1327259712666
started,bundle,org.eclipse.ui.workbench,3.6.1.M20100826-1330,"org.eclipse.ui.workbench",1327259712667
started,bundle,org.eclipse.ui.workbench.texteditor,3.6.1.r361_v20100714-0800,"org.eclipse.ui.workbench.texteditor",1327259712731
started,bundle,org.eclipse.update.configurator,3.3.100.v20100512,"org.eclipse.update.configurator",1327259712732
started,bundle,org.eclipse.update.core,3.2.402.R36x_v20100629,"org.eclipse.update.core",1327259712732
started,bundle,org.eclipse.update.scheduler,3.2.300.v20100512,"org.eclipse.update.scheduler",1327259712777
started,bundle,org.eclipse.wst.common.project.facet.core,1.4.102.v201008170019,"org.eclipse.wst.common.project.facet.core",1327259712809
started,bundle,org.epic.perleditor,0.5.38,"org.epic.perleditor",1327259712849
started,bundle,org.eclipse.cdt.core,5.2.1.201009141542,"org.eclipse.cdt.core",1327259712930
started,bundle,org.eclipse.cdt.make.core,7.0.0.201009141542,"org.eclipse.cdt.make.core",1327259712931
started,bundle,org.eclipse.cdt.make.ui,7.0.0.201009141542,"org.eclipse.cdt.make.ui",1327259712980
started,bundle,org.eclipse.cdt.managedbuilder.core,7.0.1.201009141542,"org.eclipse.cdt.managedbuilder.core",1327259713007
started,bundle,org.eclipse.cdt.ui,5.2.1.201009141542,"org.eclipse.cdt.ui",1327259713009
started,bundle,org.eclipse.epp.usagedata.gathering,1.3.1.R201102081640,"org.eclipse.epp.usagedata.gathering",1327259713035
started,bundle,org.eclipse.epp.usagedata.recording,1.3.1.R201102081640,"org.eclipse.epp.usagedata.recording",1327259713070
started,bundle,org.eclipse.jst.common.project.facet.core,1.4.102.v201008182136,"org.eclipse.jst.common.project.facet.core",1327259713072
started,bundle,org.eclipse.jst.ws.jaxws.utils,1.0.0.v201004171919,"org.eclipse.jst.ws.jaxws.utils",1327259713073
started,bundle,org.eclipse.wst.sse.core,1.1.504.v201102160550,"org.eclipse.wst.sse.core",1327259713074
started,bundle,org.eclipse.wst.sse.ui,1.2.3.v201102102045,"org.eclipse.wst.sse.ui",1327259713075
started,bundle,org.eclipse.wst.web,1.1.402.v201012160000,"org.eclipse.wst.web",1327259713114
started,bundle,org.eclipse.dltk.core,2.0.1.v20100806-1245,"org.eclipse.dltk.core",1327259713115
started,bundle,org.eclipse.dltk.core.index.sql,2.0.1.v20100909-1720,"org.eclipse.dltk.core.index.sql",1327259713115
started,bundle,org.eclipse.dltk.core.index.sql.h2,2.0.1.v20100909-1720,"org.eclipse.dltk.core.index.sql.h2",1327259713115
started,bundle,org.eclipse.dltk.launching,2.0.0.v20100806-1245,"org.eclipse.dltk.launching",1327259713138
started,bundle,org.eclipse.dltk.ui,2.0.0.v20100909-1720,"org.eclipse.dltk.ui",1327259713141
started,bundle,org.eclipse.jst.ws.jaxrs.core,1.0.201.v201011231540,"org.eclipse.jst.ws.jaxrs.core",1327259713183
started,bundle,org.eclipse.php.core,2.2.1.v20101001-2300,"org.eclipse.php.core",1327259713226
started,bundle,org.eclipse.php.debug.core,2.2.0.v20101001-2300,"org.eclipse.php.debug.core",1327259713246
started,bundle,org.eclipse.php.debug.daemon,2.2.0.v20101001-2300,"org.eclipse.php.debug.daemon",1327259713247
started,bundle,org.eclipse.php.debug.ui,2.2.0.v20101001-2300,"org.eclipse.php.debug.ui",1327259713279
started,bundle,org.eclipse.php.server.core,2.2.0.v20101001-2300,"org.eclipse.php.server.core",1327259713279
started,bundle,org.eclipse.php.ui,2.2.1.v20101001-2300,"org.eclipse.php.ui",1327259713285
started,bundle,com.android.ide.eclipse.adt,15.0.0.v201110251216-213216,"com.android.ide.eclipse.adt",1327259713286
started,bundle,com.android.ide.eclipse.ddms,15.0.0.v201110251216-213216,"com.android.ide.eclipse.ddms",1327259713325
os,sysinfo,,,"macosx",1327259713331
arch,sysinfo,,,"x86_64",1327259713331
ws,sysinfo,,,"cocoa",1327259713331
locale,sysinfo,,,"en_US",1327259713331
processors,sysinfo,,,"4",1327259713332
java.runtime.name,sysinfo,,,"Java(TM) SE Runtime Environment",1327259713332
java.runtime.version,sysinfo,,,"1.6.0_26-b03-384-10M3425",1327259713332
java.specification.name,sysinfo,,,"Java Platform API Specification",1327259713332
java.specification.vendor,sysinfo,,,"Sun Microsystems Inc.",1327259713332
java.specification.version,sysinfo,,,"1.6",1327259713332
java.vendor,sysinfo,,,"Apple Inc.",1327259713332
java.version,sysinfo,,,"1.6.0_26",1327259713332
java.vm.info,sysinfo,,,"mixed mode",1327259713332
java.vm.name,sysinfo,,,"Java HotSpot(TM) 64-Bit Server VM",1327259713332
java.vm.specification.name,sysinfo,,,"Java Virtual Machine Specification",1327259713332
java.vm.specification.vendor,sysinfo,,,"Sun Microsystems Inc.",1327259713332
java.vm.specification.version,sysinfo,,,"1.0",1327259713332
java.vm.vendor,sysinfo,,,"Apple Inc.",1327259713332
java.vm.version,sysinfo,,,"20.1-b02-384",1327259713332
started,bundle,org.eclipse.cdt.dsf.gdb.ui,2.1.0.201009141542,"org.eclipse.cdt.dsf.gdb.ui",1327259713563
started,bundle,com.android.ide.eclipse.traceview,15.0.0.v201110251216-213216,"com.android.ide.eclipse.traceview",1327259713682
activated,workbench,org.eclipse.ui.workbench,3.6.1.M20100826-1330,"",1327260508682
activated,editor,org.eclipse.jdt.ui,3.6.1.r361_v20100825-0800,"org.eclipse.jdt.ui.CompilationUnitEditor",1327260508750
started,bundle,org.eclipse.ui.navigator,3.5.0.I20100601-0800,"org.eclipse.ui.navigator",1327260508949
activated,view,org.eclipse.debug.ui,3.6.1.v20100901_r361,"org.eclipse.debug.ui.DebugView",1327260509585
started,bundle,org.eclipse.pde.launching,3.6.0.v20100601,"org.eclipse.pde.launching",1327260512503
started,bundle,org.eclipse.ui.views.log,1.0.100.v20110210_r362,"org.eclipse.ui.views.log",1327260512537
started,bundle,org.eclipse.pde.ui,3.6.1.v20110210_r362,"org.eclipse.pde.ui",1327260512540
opened,view,org.eclipse.jdt.ui,3.6.1.r361_v20100825-0800,"org.eclipse.jdt.ui.PackageExplorer",1327260512674
activated,perspective,org.eclipse.jdt.ui,3.6.1.r361_v20100825-0800,"org.eclipse.jdt.ui.JavaPerspective",1327260512708
activated,editor,org.eclipse.jdt.ui,3.6.1.r361_v20100825-0800,"org.eclipse.jdt.ui.CompilationUnitEditor",1327260512764
started,bundle,org.eclipse.jdt.junit,3.6.1.r361_v20100825-0800,"org.eclipse.jdt.junit",1327260512972
deactivated,workbench,org.eclipse.ui.workbench,3.6.1.M20100826-1330,"",1327260519642
activated,workbench,org.eclipse.ui.workbench,3.6.1.M20100826-1330,"",1327260528775
deactivated,workbench,org.eclipse.ui.workbench,3.6.1.M20100826-1330,"",1327260532551
activated,workbench,org.eclipse.ui.workbench,3.6.1.M20100826-1330,"",1327261402901
started,bundle,org.eclipse.wst.server.core,1.1.206.v20110110,"org.eclipse.wst.server.core",1327261407645
started,bundle,org.eclipse.wst.server.ui,1.1.207.v20110119,"org.eclipse.wst.server.ui",1327261407684
started,bundle,org.eclipse.cdt.debug.core,7.0.0.201009141542,"org.eclipse.cdt.debug.core",1327261407890
started,bundle,org.eclipse.cdt.debug.ui,7.0.0.201009141542,"org.eclipse.cdt.debug.ui",1327261407926
started,bundle,org.eclipse.wst.jsdt.debug.ui,1.0.3.v201011040143,"org.eclipse.wst.jsdt.debug.ui",1327261407960
deactivated,workbench,org.eclipse.ui.workbench,3.6.1.M20100826-1330,"",1327261409294
activated,workbench,org.eclipse.ui.workbench,3.6.1.M20100826-1330,"",1327261411920
activated,view,org.eclipse.jdt.ui,3.6.1.r361_v20100825-0800,"org.eclipse.jdt.ui.PackageExplorer",1327261413080
